Company Name,Industry,Symbol,Series,ISIN Code
Aarti Industries Ltd.,Chemicals,AARTIIND,EQ,INE769A01020
Aditya Birla Real Estate Ltd.,Realty,ABREL,EQ,INE055A01016
Aegis Logistics Ltd.,Oil Gas & Consumable Fuels,AEGISLOG,EQ,INE208C01025
Afcons Infrastructure Ltd.,Construction,AFCONS,EQ,INE101I01011
Affle 3i Ltd.,Information Technology,AFFLE,EQ,INE00WC01027
Amara Raja Energy & Mobility Ltd.,Automobile and Auto Components,ARE&M,EQ,INE885A01032
Amber Enterprises India Ltd.,Consumer Durables,AMBER,EQ,INE371P01015
Anand Rathi Wealth Ltd.,Financial Services,ANANDRATHI,EQ,INE463V01026
Anant Raj Ltd.,Realty,ANANTRAJ,EQ,INE242C01024
Angel One Ltd.,Financial Services,ANGELONE,EQ,INE732I01021
Aptus Value Housing Finance India Ltd.,Financial Services,APTUS,EQ,INE852O01025
Aster DM Quality Care Ltd.,Healthcare,ASTERDM,EQ,INE914M01019
Ather Energy Ltd.,Automobile and Auto Components,ATHERENERG,EQ,INE0LEZ01016
BEML Ltd.,Capital Goods,BEML,EQ,INE258A01024
BLS International Services Ltd.,Consumer Services,BLS,EQ,INE153T01027
Bandhan Bank Ltd.,Financial Services,BANDHANBNK,EQ,INE545U01014
Brainbees Solutions Ltd.,Consumer Services,FIRSTCRY,EQ,INE02RE01045
Brigade Enterprises Ltd.,Realty,BRIGADE,EQ,INE791I01019
CESC Ltd.,Power,CESC,EQ,INE486A01021
Capri Global Capital Ltd.,Financial Services,CGCL,EQ,INE180C01042
Castrol India Ltd.,Oil Gas & Consumable Fuels,CASTROLIND,EQ,INE172A01027
Central Depository Services (India) Ltd.,Financial Services,CDSL,EQ,INE736A01011
Chambal Fertilizers & Chemicals Ltd.,Chemicals,CHAMBLFERT,EQ,INE085A01013
Cholamandalam Financial Holdings Ltd.,Financial Services,CHOLAHLDNG,EQ,INE149A01033
City Union Bank Ltd.,Financial Services,CUB,EQ,INE491A01021
Cohance Lifesciences Ltd.,Healthcare,COHANCE,EQ,INE03QK01018
Computer Age Management Services Ltd.,Financial Services,CAMS,EQ,INE596I01020
CreditAccess Grameen Ltd.,Financial Services,CREDITACC,EQ,INE741K01010
Crompton Greaves Consumer Electricals Ltd.,Consumer Durables,CROMPTON,EQ,INE299U01018
Data Patterns (India) Ltd.,Capital Goods,DATAPATTNS,EQ,INE0IX101010
Deepak Fertilisers & Petrochemicals Corp. Ltd.,Chemicals,DEEPAKFERT,EQ,INE501A01019
Delhivery Ltd.,Services,DELHIVERY,EQ,INE148O01028
Devyani International Ltd.,Consumer Services,DEVYANI,EQ,INE872J01023
Dr. Lal Path Labs Ltd.,Healthcare,LALPATHLAB,EQ,INE600L01024
Firstsource Solutions Ltd.,Services,FSL,EQ,INE684F01012
Five-Star Business Finance Ltd.,Financial Services,FIVESTAR,EQ,INE128S01021
Force Motors Ltd.,Automobile and Auto Components,FORCEMOT,EQ,INE451A01017
Garden Reach Shipbuilders & Engineers Ltd.,Capital Goods,GRSE,EQ,INE382Z01011
Gland Pharma Ltd.,Healthcare,GLAND,EQ,INE068V01023
Godawari Power & Ispat Ltd.,Capital Goods,GPIL,EQ,INE177H01039
Great Eastern Shipping Co. Ltd.,Services,GESHIP,EQ,INE017A01032
Gujarat Mineral Development Corporation Ltd.,Metals & Mining,GMDCLTD,EQ,INE131A01031
HBL Engineering Ltd.,Capital Goods,HBLENGINE,EQ,INE292B01021
Himadri Speciality Chemical Ltd.,Chemicals,HSCL,EQ,INE019C01026
Hindustan Copper Ltd.,Metals & Mining,HINDCOPPER,EQ,INE531E01026
IDBI Bank Ltd.,Financial Services,IDBI,EQ,INE008A01015
IFCI Ltd.,Financial Services,IFCI,EQ,INE039A01010
IIFL Finance Ltd.,Financial Services,IIFL,EQ,INE530B01024
IRCON International Ltd.,Construction,IRCON,EQ,INE962Y01021
ITI Ltd.,Telecommunication,ITI,EQ,INE248A01017
Indraprastha Gas Ltd.,Oil Gas & Consumable Fuels,IGL,EQ,INE203G01027
Inox Wind Ltd.,Capital Goods,INOXWIND,EQ,INE066P01011
Inventurus Knowledge Solutions Ltd.,Information Technology,IKS,EQ,INE115Q01022
JBM Auto Ltd.,Automobile and Auto Components,JBMA,EQ,INE927D01051
JM Financial Ltd.,Financial Services,JMFINANCIL,EQ,INE780C01023
JSW Cement Ltd.,Construction Materials,JSWCEMENT,EQ,INE718I01012
Jyoti CNC Automation Ltd.,Capital Goods,JYOTICNC,EQ,INE980O01024
Karur Vysya Bank Ltd.,Financial Services,KARURVYSYA,EQ,INE036D01028
Kaynes Technology India Ltd.,Capital Goods,KAYNES,EQ,INE918Z01012
Kec International Ltd.,Construction,KEC,EQ,INE389H01022
Kfin Technologies Ltd.,Financial Services,KFINTECH,EQ,INE138Y01010
Manappuram Finance Ltd.,Financial Services,MANAPPURAM,EQ,INE522D01027
Mangalore Refinery & Petrochemicals Ltd.,Oil Gas & Consumable Fuels,MRPL,EQ,INE103A01014
Meesho Ltd.,Consumer Services,MEESHO,EQ,INE0VDM01015
NATCO Pharma Ltd.,Healthcare,NATCOPHARM,EQ,INE987B01026
NBCC (India) Ltd.,Construction,NBCC,EQ,INE095N01031
Narayana Hrudayalaya Ltd.,Healthcare,NH,EQ,INE410P01011
Navin Fluorine International Ltd.,Chemicals,NAVINFLUOR,EQ,INE048G01026
Netweb Technologies India Ltd.,Information Technology,NETWEB,EQ,INE0NT901020
Neuland Laboratories Ltd.,Healthcare,NEULANDLAB,EQ,INE794A01010
Nuvama Wealth Management Ltd.,Financial Services,NUVAMA,EQ,INE531F01023
Ola Electric Mobility Ltd.,Automobile and Auto Components,OLAELEC,EQ,INE0LXG01040
PG Electroplast Ltd.,Consumer Durables,PGEL,EQ,INE457L01029
PNB Housing Finance Ltd.,Financial Services,PNBHOUSING,EQ,INE572E01012
Physicswallah Ltd.,Consumer Services,PWL,EQ,INE0LP301011
Pine Labs Ltd.,Financial Services,PINELABS,EQ,INE15B701018
Piramal Finance Ltd.,Financial Services,PIRAMALFIN,EQ,INE202B01038
Piramal Pharma Ltd.,Healthcare,PPLPHARMA,EQ,INE0DK501011
Poonawalla Fincorp Ltd.,Financial Services,POONAWALLA,EQ,INE511C01022
RBL Bank Ltd.,Financial Services,RBLBANK,EQ,INE976G01028
Redington Ltd.,Services,REDINGTON,EQ,INE891D01026
Reliance Power Ltd.,Power,RPOWER,EQ,INE614G01033
Sagility Ltd.,Information Technology,SAGILITY,EQ,INE0W2G01015
Sai Life Sciences Ltd.,Healthcare,SAILIFE,EQ,INE570L01029
Sarda Energy and Minerals Ltd.,Metals & Mining,SARDAEN,EQ,INE385C01021
Signatureglobal (India) Ltd.,Realty,SIGNATURE,EQ,INE903U01023
Sona BLW Precision Forgings Ltd.,Automobile and Auto Components,SONACOMS,EQ,INE073K01018
Star Health and Allied Insurance Company Ltd.,Financial Services,STARHEALTH,EQ,INE575P01011
Swan Corp Ltd.,Chemicals,SWANCORP,EQ,INE665A01038
Syngene International Ltd.,Healthcare,SYNGENE,EQ,INE398R01022
Tata Chemicals Ltd.,Chemicals,TATACHEM,EQ,INE092A01019
Tata Technologies Ltd.,Information Technology,TATATECH,EQ,INE142M01025
Tenneco Clean Air India Ltd.,Automobile and Auto Components,TENNIND,EQ,INE19RI01016
The Ramco Cements Ltd.,Construction Materials,RAMCOCEM,EQ,INE331A01037
Triveni Turbine Ltd.,Capital Goods,TRITURBINE,EQ,INE152M01016
Urban Company Ltd.,Consumer Services,URBANCO,EQ,INE0CAZ01013
Welspun Corp Ltd.,Capital Goods,WELCORP,EQ,INE191B01025
Whirlpool of India Ltd.,Consumer Durables,WHIRLPOOL,EQ,INE716A01013
Wockhardt Ltd.,Healthcare,WOCKPHARMA,EQ,INE049B01025
Zensar Technolgies Ltd.,Information Technology,ZENSARTECH,EQ,INE520A01027
